title,company,location,tags,description_url
Brand Designer,Contra,Remote,,https://remoteok.com/remote-jobs/remote-brand-designer-contra-1093024
Motion Designer,Contra,Remote,,https://remoteok.com/remote-jobs/remote-motion-designer-contra-1093022
Web Developer,Contra,Remote,,https://remoteok.com/remote-jobs/remote-web-developer-contra-1093019
VP of Engineering,Soda Data,Remote,,https://remoteok.com/remote-jobs/remote-vp-of-engineering-soda-data-1087577
Symplast Forms Specialist Patient Intake Customizations,Symplast,Remote,,https://remoteok.com/remote-jobs/remote-symplast-forms-specialist-patient-intake-customizations-symplast-1092967
Data Migration Specialist Data Import & Export,Symplast,Remote,,https://remoteok.com/remote-jobs/remote-data-migration-specialist-data-import-export-symplast-1092966
Technical Consultant,Contra,Remote,,https://remoteok.com/remote-jobs/remote-technical-consultant-contra-1092960
Senior Data Engineer,Soda Data,Remote,,https://remoteok.com/remote-jobs/remote-senior-data-engineer-soda-data-1087414
Data Warehouse Engineer,Plutus,Remote,,https://remoteok.com/remote-jobs/remote-data-warehouse-engineer-plutus-935089
Data Scientist & Data Engineer AI ML,Lemon.io,Remote,,https://remoteok.com/remote-jobs/remote-data-scientist-data-engineer-ai-ml-lemon-io-613825
Senior DataOps Engineer,Revelator,Remote,,https://remoteok.com/remote-jobs/remote-senior-dataops-engineer-revelator-599532
Senior Microsoft PowerBI Developer,Proxify,Remote,,https://remoteok.com/remote-jobs/remote-senior-microsoft-powerbi-developer-proxify-382265
Senior Data Engineer,Proxify,Remote,,https://remoteok.com/remote-jobs/remote-senior-data-engineer-proxify-382258
Senior Analyst for Customer Analytics & Insights,Nadine West,Remote,,https://remoteok.com/remote-jobs/remote-senior-analyst-for-customer-analytics-insights-nadine-west-344392
Senior Data Engineer Long term,Proxify,Remote,,https://remoteok.com/remote-jobs/remote-senior-data-engineer-long-term-proxify-187862
Integrations Team Lead,CoinLedger,Remote,,https://remoteok.com/remote-jobs/remote-integrations-team-lead-coinledger-248850
Senior Backend and Data Engineer,Paperpile,Remote,,https://remoteok.com/remote-jobs/remote-senior-backend-and-data-engineer-paperpile-235198
Data Engineer,Tessera,Remote,,https://remoteok.com/remote-jobs/remote-data-engineer-tessera-225194
Staff Data Scientist Search Machine Learning Platform,Indeed,Remote,,https://remoteok.com/remote-jobs/remote-staff-data-scientist-search-machine-learning-platform-indeed-132377
Senior Product Manager SMB Labs,Indeed,Remote,,https://remoteok.com/remote-jobs/remote-senior-product-manager-smb-labs-indeed-132303
Technical Fellow Job Seeker Engineering,Indeed,Remote,,https://remoteok.com/remote-jobs/remote-technical-fellow-job-seeker-engineering-indeed-131931
Team Lead Senior Data Analyst,Asana Rebel,Remote,,https://remoteok.com/remote-jobs/remote-team-lead-senior-data-analyst-asana-rebel-125319
Data Engineer,iVisa,Remote,,https://remoteok.com/remote-jobs/remote-data-engineer-ivisa-127676
Data Engineer,Wander,Remote,,https://remoteok.com/remote-jobs/111674-remote-data-engineer-wander
Lead Software Engineer Backend,Agot AI,Remote,,https://remoteok.com/remote-jobs/111854-remote-lead-software-engineer-backend-agot-ai
Senior Marketing Analyst,Komoot,Remote,,https://remoteok.com/remote-jobs/110393-remote-senior-marketing-analyst-komoot
Backend Go Developer,Hunter.io,Remote,,https://remoteok.com/remote-jobs/110171-remote-backend-go-developer-hunter-io
Data Delivery Engineer,BaseCap Analytics,Remote,,https://remoteok.com/remote-jobs/110839-remote-data-delivery-engineer-basecap-analytics
Developer Advocate,Bytewax,Remote,,https://remoteok.com/remote-jobs/110498-remote-developer-advocate-bytewax
Senior Data Engineer,Arrakis,Remote,,https://remoteok.com/remote-jobs/110315-remote-senior-data-engineer-arrakis
